,Creator,start_date,Employee,end_date
0,Patti Martinez,2019-01-31 21:49:39,Angela Ford,2019-02-28 21:49:39
1,Jenny Harrison,2019-02-06 10:30:55,Megan Surratt,2019-02-26 10:30:55
2,Anthony Wright,2019-02-11 12:44:24,Megan Surratt,2019-03-19 12:44:24
3,Dennis Lawrence,2019-02-18 04:38:27,Edward Davis,2019-03-09 04:38:27
4,Henry Smith,2019-02-20 00:56:15,Carmella Hooper,2019-03-05 00:56:15
5,Monica Marchetti,2019-02-24 08:47:22,Carmella Hooper,2019-03-13 08:47:22
6,Joseph Abraham,2019-02-25 08:42:22,Angela Ford,2019-04-04 08:42:22
7,Stephen Bartley,2019-02-27 00:19:23,Carmella Hooper,2019-03-29 00:19:23
8,Carolyn Morello,2019-02-28 13:15:17,Angela Ford,2019-04-03 13:15:17
9,James Wilson,2019-03-01 13:13:06,Megan Surratt,2019-04-02 13:13:06
10,David Terry,2019-03-04 07:34:44,Angela Ford,2019-04-05 07:34:44
11,Jane Smith,2019-03-05 06:16:16,Angela Ford,2019-03-15 06:16:16
12,Irma Kieff,2019-03-09 09:33:40,Edward Davis,2019-03-29 09:33:40
13,Mark Cowell,2019-03-09 20:47:28,Megan Surratt,2019-04-12 20:47:28
14,Douglas Fonceca,2019-03-16 22:41:12,Megan Surratt,2019-03-31 22:41:12
15,Joseph Hughes,2019-03-17 03:50:15,Megan Surratt,2019-04-09 03:50:15
16,Russell Palermo,2019-03-25 04:00:10,Carmella Hooper,2019-04-11 04:00:10
17,Willie Freeman,2019-03-30 13:00:17,Carmella Hooper,2019-05-07 13:00:17
18,Davida Mattera,2019-03-30 13:45:28,Megan Surratt,2019-04-19 13:45:28
19,Nathan Pullen,2019-04-04 05:08:14,Edward Davis,2019-05-10 05:08:14
20,Pauline Coburn,2019-04-05 20:41:07,Edward Davis,2019-05-10 20:41:07
21,Sally Williamson,2019-04-06 15:25:18,Edward Davis,2019-05-13 15:25:18
22,James Duryea,2019-04-06 17:26:11,Edward Davis,2019-05-11 17:26:11
23,Willie Mallon,2019-04-12 07:52:29,Angela Ford,2019-05-01 07:52:29
24,Jennifer Nikas,2019-04-18 03:11:07,Edward Davis,2019-05-02 03:11:07
25,Tom Lambert,2019-04-18 16:57:35,Edward Davis,2019-04-30 16:57:35
26,Betty Espinosa,2019-04-19 13:40:30,Angela Ford,2019-05-21 13:40:30
27,Nancy Woods,2019-04-22 07:58:21,Angela Ford,2019-05-25 07:58:21
28,James Bridges,2019-04-25 03:24:38,Angela Ford,2019-06-02 03:24:38
29,Margaret White,2019-04-26 01:28:16,Edward Davis,2019-05-29 01:28:16
30,Bret Mackay,2019-04-27 15:38:11,Edward Davis,2019-05-31 15:38:11
31,Gregory Isaacs,2019-04-28 23:47:48,Megan Surratt,2019-06-03 23:47:48
32,Robert Prosser,2019-04-29 23:39:50,Megan Surratt,2019-05-31 23:39:50
33,Nancy Yu,2019-05-03 07:00:48,Megan Surratt,2019-05-17 07:00:48
34,Herbert Schuetz,2019-05-03 10:50:02,Edward Davis,2019-05-26 10:50:02
35,Gloria Nava,2019-05-06 05:55:32,Edward Davis,2019-06-03 05:55:32
36,Brandon Schade,2019-05-06 06:43:20,Angela Ford,2019-06-09 06:43:20
37,Pamela Jacobsen,2019-05-06 22:37:37,Megan Surratt,2019-06-08 22:37:37
38,David Torrence,2019-05-09 04:25:31,Angela Ford,2019-06-02 04:25:31
39,Wilbert Parker,2019-05-09 04:45:16,Angela Ford,2019-05-22 04:45:16
40,Jo Faust,2019-05-11 17:10:15,Angela Ford,2019-06-19 17:10:15
41,Sandra Romero,2019-05-12 19:53:30,Megan Surratt,2019-06-16 19:53:30
42,Frances Vachon,2019-05-12 21:59:47,Edward Davis,2019-06-19 21:59:47
43,Edward Stein,2019-05-14 08:23:02,Megan Surratt,2019-06-07 08:23:02
44,Sheila Smith,2019-05-14 10:22:25,Carmella Hooper,2019-05-30 10:22:25
45,Alberta Tarver,2019-05-16 12:59:59,Carmella Hooper,2019-05-31 12:59:59
46,Alvin Galindo,2019-05-17 12:28:00,Carmella Hooper,2019-06-13 12:28:00
47,Helen Jordan,2019-05-19 18:15:00,Angela Ford,2019-06-25 18:15:00
48,Ricky Deckman,2019-05-21 09:21:22,Megan Surratt,2019-06-01 09:21:22
49,Therese Medrano,2019-05-21 12:26:57,Edward Davis,2019-06-28 12:26:57
50,Daniel Elbert,2019-05-23 14:14:03,Edward Davis,2019-06-05 14:14:03
51,Blanche Robinson,2019-05-26 13:01:52,Angela Ford,2019-06-06 13:01:52
52,William Aleman,2019-05-27 03:53:23,Angela Ford,2019-06-07 03:53:23
53,Lanie Dimock,2019-05-28 17:32:35,Megan Surratt,2019-06-22 17:32:35
54,Susan Stewart,2019-05-29 11:06:15,Angela Ford,2019-06-25 11:06:15
55,Thomas Jackson,2019-05-30 16:17:02,Megan Surratt,2019-06-29 16:17:02
56,Juan Schusterman,2019-06-04 07:18:18,Carmella Hooper,2019-07-07 07:18:18
57,Kara Duffy,2019-06-06 21:18:52,Edward Davis,2019-06-21 21:18:52
58,Robert Ouellette,2019-06-09 02:04:04,Carmella Hooper,2019-07-08 02:04:04
59,Stacey Moore,2019-06-09 03:46:57,Edward Davis,2019-06-23 03:46:57
60,Stewart Ashley,2019-06-10 05:11:17,Angela Ford,2019-07-18 05:11:17
61,Theron Conn,2019-06-12 07:06:07,Edward Davis,2019-06-25 07:06:07
62,Margaret Reynolds,2019-06-12 12:33:58,Edward Davis,2019-07-11 12:33:58
63,Bruce Raab,2019-06-12 13:47:29,Carmella Hooper,2019-07-11 13:47:29
64,Robert Richard,2019-06-13 23:12:42,Edward Davis,2019-07-12 23:12:42
65,Zelda Trunzo,2019-06-16 15:31:57,Carmella Hooper,2019-07-12 15:31:57
66,Lovetta Brown,2019-06-17 10:51:59,Carmella Hooper,2019-07-20 10:51:59
67,Jane Williams,2019-06-17 16:21:37,Angela Ford,2019-07-09 16:21:37
68,Cecil Hollis,2019-06-18 00:55:42,Carmella Hooper,2019-07-14 00:55:42
69,Dianna Gean,2019-06-22 05:35:51,Carmella Hooper,2019-07-27 05:35:51
70,Rodney Tomlin,2019-06-23 08:31:59,Carmella Hooper,2019-07-15 08:31:59
71,Doris Montemayor,2019-06-27 05:25:07,Edward Davis,2019-08-03 05:25:07
72,Leonard Wagner,2019-06-30 18:32:11,Carmella Hooper,2019-07-30 18:32:11
73,Maria Ruiz,2019-07-02 08:50:19,Edward Davis,2019-08-09 08:50:19
74,George Henkel,2019-07-03 10:31:00,Megan Surratt,2019-07-14 10:31:00
75,Justin Martinez,2019-07-05 15:14:10,Angela Ford,2019-08-02 15:14:10
76,Irene Kleinschmidt,2019-07-06 16:33:26,Angela Ford,2019-08-06 16:33:26
77,William Flowers,2019-07-09 00:11:34,Angela Ford,2019-08-07 00:11:34
78,Edward Parker,2019-07-13 14:10:26,Megan Surratt,2019-08-18 14:10:26
79,Laura Blumhardt,2019-07-13 16:10:06,Angela Ford,2019-08-20 16:10:06
80,Thomas Thomas,2019-07-15 08:59:43,Megan Surratt,2019-08-16 08:59:43
81,Cleo Merrick,2019-07-15 11:55:22,Megan Surratt,2019-08-06 11:55:22
82,Angel Vernon,2019-07-16 09:21:24,Angela Ford,2019-07-27 09:21:24
83,Judy Patton,2019-07-17 11:29:44,Carmella Hooper,2019-08-05 11:29:44
84,Russell Furtado,2019-07-18 19:30:29,Carmella Hooper,2019-08-18 19:30:29
85,Roy Monroe,2019-07-19 18:53:03,Edward Davis,2019-08-19 18:53:03
86,Jackie Gordon,2019-07-23 12:32:44,Carmella Hooper,2019-08-04 12:32:44
87,Elma Wilson,2019-07-23 22:51:40,Megan Surratt,2019-08-14 22:51:40
88,Luis Pele,2019-07-30 15:34:49,Carmella Hooper,2019-08-09 15:34:49
89,Arthur Price,2019-08-02 09:21:07,Megan Surratt,2019-08-31 09:21:07
90,Jodi Adams,2019-08-04 14:32:16,Angela Ford,2019-08-24 14:32:16
91,Raymond Ussery,2019-08-07 22:00:02,Carmella Hooper,2019-09-05 22:00:02
92,Alison Villagomez,2019-08-08 16:13:06,Edward Davis,2019-08-19 16:13:06
93,Julie Strief,2019-08-08 21:30:47,Carmella Hooper,2019-09-07 21:30:47
94,Josephine Engstrom,2019-08-09 06:46:17,Edward Davis,2019-08-23 06:46:17
95,Kaitlin Srour,2019-08-11 11:41:50,Edward Davis,2019-09-13 11:41:50
96,Thomas Cortes,2019-08-16 09:43:07,Edward Davis,2019-09-18 09:43:07
97,Frank Jeffery,2019-08-18 14:25:50,Carmella Hooper,2019-09-16 14:25:50
98,Harold Mcelfresh,2019-08-19 23:07:28,Carmella Hooper,2019-09-25 23:07:28
99,Darrell Geiger,2019-08-22 12:18:23,Edward Davis,2019-09-03 12:18:23
100,Michael Scott,2019-08-25 22:19:06,Carmella Hooper,2019-09-18 22:19:06
101,Paul Rempe,2019-08-27 17:14:43,Angela Ford,2019-09-29 17:14:43
102,Raphael Higgins,2019-09-02 05:12:18,Angela Ford,2019-10-05 05:12:18
103,Michael Atchison,2019-09-02 07:44:28,Edward Davis,2019-09-19 07:44:28
104,Amy Rushton,2019-09-03 12:05:29,Carmella Hooper,2019-09-23 12:05:29
105,Patricia Matthey,2019-09-04 17:10:35,Edward Davis,2019-09-25 17:10:35
106,Carolynn Curran,2019-09-06 02:36:58,Edward Davis,2019-09-20 02:36:58
107,Robert Elio,2019-09-06 09:30:29,Angela Ford,2019-10-07 09:30:29
108,Sylvia Smith,2019-09-07 13:31:20,Megan Surratt,2019-09-17 13:31:20
109,Oscar Macek,2019-09-12 16:12:58,Carmella Hooper,2019-10-08 16:12:58
110,Michael Payton,2019-09-12 22:20:11,Angela Ford,2019-09-23 22:20:11
111,Gabriella Fick,2019-09-18 07:22:56,Carmella Hooper,2019-10-18 07:22:56
112,Rosa Patton,2019-09-19 02:26:29,Carmella Hooper,2019-10-04 02:26:29
113,Vincent Ochoa,2019-09-21 07:55:56,Megan Surratt,2019-10-11 07:55:56
114,Kenneth Fulton,2019-09-21 19:37:47,Angela Ford,2019-10-29 19:37:47
115,Roy Gillespie,2019-09-22 03:17:36,Carmella Hooper,2019-10-22 03:17:36
116,Earl Richardson,2019-09-23 04:56:06,Megan Surratt,2019-10-19 04:56:06
117,Kim Ward,2019-09-23 20:32:28,Edward Davis,2019-10-30 20:32:28
118,John Baker,2019-09-30 05:31:17,Edward Davis,2019-10-19 05:31:17
119,Larry Davis,2019-10-01 05:13:30,Angela Ford,2019-10-31 05:13:30
120,Karen Grizzle,2019-10-01 20:40:24,Carmella Hooper,2019-10-12 20:40:24
121,Yolanda Freese,2019-10-07 16:30:55,Carmella Hooper,2019-10-22 16:30:55
122,Andrew Chapin,2019-10-08 13:07:20,Edward Davis,2019-10-18 13:07:20
123,Johnny Nelson,2019-10-08 19:17:19,Angela Ford,2019-11-05 19:17:19
124,Marvin Mcneil,2019-10-10 14:55:42,Megan Surratt,2019-11-04 14:55:42
125,Verla Pena,2019-10-13 22:08:34,Angela Ford,2019-11-07 22:08:34
126,Michael Hanko,2019-10-14 05:47:50,Megan Surratt,2019-11-06 05:47:50
127,Justin Begor,2019-10-15 07:04:10,Edward Davis,2019-10-25 07:04:10
128,David Florio,2019-10-16 06:09:01,Angela Ford,2019-11-21 06:09:01
129,Gracie Davidson,2019-10-17 05:06:29,Megan Surratt,2019-11-09 05:06:29
130,Edward Selman,2019-10-24 17:15:14,Megan Surratt,2019-11-06 17:15:14
131,Gladys Sandahl,2019-10-24 21:22:10,Edward Davis,2019-11-21 21:22:10
132,Sally Cook,2019-10-25 05:02:34,Edward Davis,2019-11-29 05:02:34
133,Stephen Phomphithak,2019-10-26 19:42:38,Carmella Hooper,2019-11-11 19:42:38
134,Katherine Williams,2019-10-27 13:44:45,Angela Ford,2019-11-29 13:44:45
135,Michael Martins,2019-11-01 00:18:33,Megan Surratt,2019-11-17 00:18:33
136,Yvonne Hughey,2019-11-01 12:55:09,Edward Davis,2019-11-21 12:55:09
137,Daniel Morehead,2019-11-02 05:46:15,Carmella Hooper,2019-11-30 05:46:15
138,Marleen Simmons,2019-11-08 17:53:02,Carmella Hooper,2019-12-09 17:53:02
139,Norma Heep,2019-11-10 18:16:36,Megan Surratt,2019-12-03 18:16:36
140,Maria Hanson,2019-11-10 18:46:49,Carmella Hooper,2019-11-26 18:46:49
141,Ralph Osborne,2019-11-12 17:33:25,Angela Ford,2019-12-13 17:33:25
142,Mary Smith,2019-11-14 18:38:30,Megan Surratt,2019-11-29 18:38:30
143,Hope Mckenzie,2019-11-15 22:29:23,Megan Surratt,2019-11-27 22:29:23
144,Brandy Villatora,2019-11-19 18:41:56,Edward Davis,2019-12-03 18:41:56
145,James Moran,2019-11-24 14:02:53,Carmella Hooper,2020-01-02 14:02:53
146,Kimberly Avery,2019-11-27 17:14:03,Carmella Hooper,2019-12-11 17:14:03
147,Daniel Yin,2019-11-29 03:20:33,Carmella Hooper,2020-01-04 03:20:33
148,Susana Daner,2019-11-29 16:26:33,Edward Davis,2020-01-06 16:26:33
149,Joseph Curtis,2019-12-09 00:13:46,Edward Davis,2019-12-20 00:13:46
150,Wayne Myers,2019-12-09 09:49:01,Megan Surratt,2020-01-13 09:49:01
151,Juanita Gaier,2019-12-09 23:59:03,Megan Surratt,2019-12-31 23:59:03
152,Mary Vinson,2019-12-10 11:04:55,Edward Davis,2020-01-14 11:04:55
153,Robert Sistrunk,2019-12-12 09:47:08,Megan Surratt,2020-01-12 09:47:08
154,Harley Vann,2019-12-14 16:27:40,Carmella Hooper,2020-01-16 16:27:40
155,Kevin Robotham,2019-12-14 17:47:23,Angela Ford,2019-12-26 17:47:23
156,Charlotte Stone,2019-12-19 20:05:29,Carmella Hooper,2020-01-26 20:05:29
157,Robert Jones,2019-12-20 18:56:57,Edward Davis,2020-01-24 18:56:57
158,Thomas Worthington,2019-12-21 03:25:05,Megan Surratt,2020-01-15 03:25:05
159,Kelly Gilliland,2019-12-24 01:14:33,Angela Ford,2020-02-01 01:14:33
160,Jena Barker,2019-12-26 08:15:23,Carmella Hooper,2020-01-22 08:15:23
161,Rosie Fields,2019-12-30 19:26:05,Edward Davis,2020-01-15 19:26:05
162,Debra Quintana,2020-01-10 13:18:52,Megan Surratt,2020-02-06 13:18:52
163,Marian Bailey,2020-01-10 19:48:55,Angela Ford,2020-02-14 19:48:55
164,Lisa Sigmon,2020-01-12 05:04:21,Angela Ford,2020-01-22 05:04:21
165,Miss Raines,2020-01-13 20:35:22,Megan Surratt,2020-02-20 20:35:22
166,Marion Holtzlander,2020-01-14 13:31:12,Carmella Hooper,2020-02-18 13:31:12
167,Charles Reilly,2020-01-24 17:31:15,Angela Ford,2020-02-29 17:31:15
168,Nellie Reaver,2020-01-28 14:05:21,Edward Davis,2020-03-04 14:05:21
169,Betty Wagner,2020-01-29 00:42:24,Carmella Hooper,2020-02-27 00:42:24
170,Megan Milburn,2020-01-31 06:15:17,Angela Ford,2020-02-24 06:15:17
171,Sue Fuller,2020-02-06 04:43:48,Angela Ford,2020-03-11 04:43:48
172,William Popp,2020-02-07 02:11:04,Edward Davis,2020-03-14 02:11:04
173,Ronald Tashman,2020-02-09 17:39:57,Megan Surratt,2020-02-19 17:39:57
174,Reba Huffman,2020-02-10 16:09:05,Angela Ford,2020-03-17 16:09:05
175,Fernando Drake,2020-02-11 00:15:25,Carmella Hooper,2020-02-29 00:15:25
176,Kimberly Martinez,2020-02-14 01:48:24,Angela Ford,2020-03-24 01:48:24
177,Wanda Weston,2020-02-14 21:36:45,Megan Surratt,2020-03-05 21:36:45
178,Joyce Green,2020-02-16 14:23:15,Angela Ford,2020-03-23 14:23:15
179,Virginia Brown,2020-02-16 21:30:58,Carmella Hooper,2020-03-07 21:30:58
180,Sean Moore,2020-02-17 17:00:19,Edward Davis,2020-03-25 17:00:19
181,Toni Pavlas,2020-02-17 19:52:54,Edward Davis,2020-02-27 19:52:54
182,John Riis,2020-02-22 05:18:37,Carmella Hooper,2020-03-22 05:18:37
183,Stephanie Murray,2020-02-22 14:12:33,Carmella Hooper,2020-03-23 14:12:33
184,James Blevins,2020-02-25 07:09:09,Edward Davis,2020-03-29 07:09:09
185,Lisa Beyer,2020-02-26 05:20:29,Carmella Hooper,2020-03-26 05:20:29
186,Anthony Martin,2020-02-26 19:10:17,Angela Ford,2020-03-26 19:10:17
187,Jarrod Bowlin,2020-02-27 13:19:10,Megan Surratt,2020-03-15 13:19:10
188,Carol Surratt,2020-03-01 03:20:53,Edward Davis,2020-03-25 03:20:53
189,Ryan Cartwright,2020-03-07 17:36:13,Carmella Hooper,2020-03-24 17:36:13
190,Joe Shirey,2020-03-09 05:34:47,Carmella Hooper,2020-04-02 05:34:47
191,Jacob Wood,2020-03-09 09:55:42,Carmella Hooper,2020-03-21 09:55:42
192,Boyd Nolin,2020-03-09 21:37:28,Carmella Hooper,2020-04-14 21:37:28
193,Mark Escareno,2020-03-10 04:38:00,Megan Surratt,2020-04-13 04:38:00
194,Martha Bold,2020-03-10 08:53:30,Megan Surratt,2020-03-26 08:53:30
195,Mark Linder,2020-03-12 19:59:13,Megan Surratt,2020-03-26 19:59:13
196,Victor Singh,2020-03-15 05:53:49,Angela Ford,2020-04-23 05:53:49
197,Louis Hollis,2020-03-17 07:29:56,Angela Ford,2020-04-16 07:29:56
198,Pete Vallejo,2020-03-23 20:24:20,Edward Davis,2020-04-11 20:24:20
199,James Shabazz,2020-03-24 22:07:27,Angela Ford,2020-04-26 22:07:27
200,Scott Whitfield,2020-03-27 23:05:56,Megan Surratt,2020-05-03 23:05:56
201,Libbie Ross,2020-03-29 11:02:08,Edward Davis,2020-04-09 11:02:08
202,Rey Deluna,2020-03-29 23:00:54,Megan Surratt,2020-04-19 23:00:54
203,Martina Williams,2020-04-04 12:49:49,Carmella Hooper,2020-05-09 12:49:49
204,Jeanne Keyes,2020-04-07 14:47:25,Carmella Hooper,2020-05-09 14:47:25
205,Danny Jacobs,2020-04-09 22:32:54,Edward Davis,2020-05-05 22:32:54
206,Sandra Howard,2020-04-11 01:09:09,Angela Ford,2020-05-07 01:09:09
207,Barry Ishman,2020-04-17 20:59:15,Edward Davis,2020-05-23 20:59:15
208,Rene Henry,2020-04-18 07:47:16,Megan Surratt,2020-05-04 07:47:16
209,Dustin Zettlemoyer,2020-04-20 11:43:27,Edward Davis,2020-05-13 11:43:27
210,Edward Mendosa,2020-04-29 08:21:10,Carmella Hooper,2020-05-14 08:21:10
211,Laverne Fritz,2020-05-01 13:48:43,Angela Ford,2020-05-14 13:48:43
212,Bobby Ramlall,2020-05-05 02:29:09,Edward Davis,2020-05-25 02:29:09
213,Cheryl Cabrera,2020-05-05 22:33:26,Carmella Hooper,2020-05-16 22:33:26
214,Grace Aita,2020-05-06 12:30:12,Carmella Hooper,2020-06-09 12:30:12
215,Terry Gamble,2020-05-11 14:44:11,Carmella Hooper,2020-06-10 14:44:11
216,Clinton Davidson,2020-05-14 09:29:38,Edward Davis,2020-05-26 09:29:38
217,Steven Pippin,2020-05-18 01:59:23,Megan Surratt,2020-06-08 01:59:23
218,Willie Campos,2020-05-20 16:13:20,Edward Davis,2020-06-08 16:13:20
219,Amy Monaghan,2020-05-23 02:45:13,Angela Ford,2020-06-29 02:45:13
220,Juana Grant,2020-05-24 16:33:19,Edward Davis,2020-06-20 16:33:19
221,Willard Imhoff,2020-05-25 08:59:59,Angela Ford,2020-06-29 08:59:59
222,Chester Hardwick,2020-05-25 12:32:03,Megan Surratt,2020-07-02 12:32:03
223,Martha Smith,2020-05-26 19:40:16,Angela Ford,2020-06-30 19:40:16
224,Gwen Bingham,2020-05-26 23:20:44,Carmella Hooper,2020-06-28 23:20:44
225,Jennifer Fontanez,2020-05-27 04:54:09,Carmella Hooper,2020-06-07 04:54:09
226,John Mcnitt,2020-05-28 04:52:00,Megan Surratt,2020-06-25 04:52:00
227,Jennifer Greene,2020-05-30 02:40:19,Carmella Hooper,2020-06-27 02:40:19
228,Tony Rutenberg,2020-06-03 05:43:16,Megan Surratt,2020-06-17 05:43:16
229,John Darrow,2020-06-04 14:15:25,Megan Surratt,2020-06-22 14:15:25
230,Dorothy Mason,2020-06-04 20:17:21,Megan Surratt,2020-07-07 20:17:21
231,Romaine Eubanks,2020-06-05 18:44:03,Carmella Hooper,2020-06-29 18:44:03
232,Sarah Prescott,2020-06-09 07:25:41,Edward Davis,2020-06-27 07:25:41
233,Rosalie Brown,2020-06-14 13:15:27,Carmella Hooper,2020-06-25 13:15:27
234,Carrie Allen,2020-06-23 07:10:27,Carmella Hooper,2020-07-11 07:10:27
235,Michael Hunt,2020-06-24 18:45:13,Carmella Hooper,2020-07-16 18:45:13
236,Roger Pearson,2020-06-30 21:15:48,Megan Surratt,2020-08-05 21:15:48
237,John Wiggins,2020-07-06 12:20:15,Carmella Hooper,2020-07-29 12:20:15
238,Sharon Duffy,2020-07-06 21:07:58,Angela Ford,2020-07-26 21:07:58
239,Dallas Green,2020-07-07 05:36:47,Megan Surratt,2020-08-09 05:36:47
240,Shari Vega,2020-07-07 23:43:48,Megan Surratt,2020-07-17 23:43:48
241,Felix Ellis,2020-07-09 01:50:28,Megan Surratt,2020-08-09 01:50:28
242,Thomas Pate,2020-07-14 23:12:27,Megan Surratt,2020-07-31 23:12:27
243,David Martin,2020-07-16 09:46:48,Angela Ford,2020-08-19 09:46:48
244,Timothy Thomas,2020-07-17 07:33:44,Megan Surratt,2020-08-11 07:33:44
245,Charles Gray,2020-07-18 11:26:55,Edward Davis,2020-08-02 11:26:55
246,Lorraine Gerrald,2020-07-20 05:24:24,Megan Surratt,2020-07-31 05:24:24
247,Lena Anderson,2020-07-25 11:36:35,Edward Davis,2020-08-13 11:36:35
248,Ramona French,2020-07-26 19:25:14,Megan Surratt,2020-08-13 19:25:14
249,Florida Rousseau,2020-07-31 20:51:33,Edward Davis,2020-09-04 20:51:33
250,Jenna Knell,2020-08-01 00:24:16,Carmella Hooper,2020-08-18 00:24:16
251,Renato Walczak,2020-08-02 07:29:33,Angela Ford,2020-08-18 07:29:33
252,Emelina Mccarthy,2020-08-05 00:27:57,Edward Davis,2020-08-18 00:27:57
253,Lowell Marshall,2020-08-06 12:19:10,Megan Surratt,2020-08-17 12:19:10
254,Derrick Malcom,2020-08-06 20:40:04,Megan Surratt,2020-08-29 20:40:04
255,Sandy Chapman,2020-08-07 08:48:02,Megan Surratt,2020-09-10 08:48:02
256,Thomas Downs,2020-08-11 00:13:28,Edward Davis,2020-09-04 00:13:28
257,Mattie Fisher,2020-08-13 00:16:41,Angela Ford,2020-08-28 00:16:41
258,Larry Mccabe,2020-08-14 09:49:14,Megan Surratt,2020-09-04 09:49:14
259,James Albritton,2020-08-15 01:10:40,Angela Ford,2020-09-09 01:10:40
260,Charlotte Garnett,2020-08-17 07:27:34,Edward Davis,2020-09-25 07:27:34
261,Eddie Puff,2020-08-18 04:39:01,Edward Davis,2020-09-25 04:39:01
262,Barbara Meekins,2020-08-20 08:16:56,Edward Davis,2020-09-10 08:16:56
263,Edward Stovall,2020-08-22 04:01:34,Edward Davis,2020-09-19 04:01:34
264,Pamela Huntley,2020-08-24 08:20:40,Carmella Hooper,2020-09-13 08:20:40
265,Jewel Winsor,2020-08-25 22:54:14,Megan Surratt,2020-09-06 22:54:14
266,Matt Clow,2020-08-26 06:21:20,Angela Ford,2020-09-10 06:21:20
267,Robert Mendez,2020-08-27 15:46:19,Angela Ford,2020-09-11 15:46:19
268,Bettie Alsina,2020-09-02 13:47:51,Megan Surratt,2020-09-25 13:47:51
269,Jared Ortiz,2020-09-02 19:44:20,Carmella Hooper,2020-09-20 19:44:20
270,Freddie Reams,2020-09-05 10:16:57,Angela Ford,2020-09-30 10:16:57
271,Mary Alexander,2020-09-08 05:07:52,Edward Davis,2020-10-11 05:07:52
272,David Armstrong,2020-09-13 14:59:10,Carmella Hooper,2020-10-20 14:59:10
273,Amy Brashear,2020-09-13 22:52:51,Megan Surratt,2020-10-18 22:52:51
274,David Gammill,2020-09-15 09:59:05,Carmella Hooper,2020-10-23 09:59:05
275,Marcus Parker,2020-09-15 15:48:52,Angela Ford,2020-10-20 15:48:52
276,Melvin Hobbs,2020-09-20 06:04:42,Carmella Hooper,2020-10-05 06:04:42
277,Jeffrey Vasquez,2020-09-23 05:58:48,Angela Ford,2020-10-29 05:58:48
278,Annie Witt,2020-09-25 19:34:00,Carmella Hooper,2020-10-18 19:34:00
279,Lekisha Ormond,2020-09-26 07:13:31,Edward Davis,2020-10-15 07:13:31
280,Kenneth Hirst,2020-09-26 12:07:10,Angela Ford,2020-10-29 12:07:10
281,Margarita Boone,2020-09-26 13:42:39,Edward Davis,2020-10-13 13:42:39
282,Alice Boone,2020-09-27 07:04:11,Megan Surratt,2020-10-19 07:04:11
283,Janet Whittle,2020-09-28 19:16:58,Megan Surratt,2020-10-27 19:16:58
284,Lois Primm,2020-10-01 13:53:16,Edward Davis,2020-10-19 13:53:16
285,Richard Brunson,2020-10-03 10:47:43,Megan Surratt,2020-10-19 10:47:43
286,Keri Onstott,2020-10-05 10:58:41,Carmella Hooper,2020-10-27 10:58:41
287,Eun Rash,2020-10-10 15:45:49,Megan Surratt,2020-10-31 15:45:49
288,Tamala Jones,2020-10-11 04:30:19,Edward Davis,2020-11-11 04:30:19
289,Robert Julian,2020-10-13 05:20:00,Megan Surratt,2020-10-28 05:20:00
290,Tina Bradbury,2020-10-15 01:27:56,Edward Davis,2020-11-03 01:27:56
291,Russell Wells,2020-10-17 03:32:01,Megan Surratt,2020-10-29 03:32:01
292,Gary Dykes,2020-10-20 05:22:05,Edward Davis,2020-11-14 05:22:05
293,Marion Hager,2020-10-21 11:21:31,Megan Surratt,2020-11-21 11:21:31
294,Nathaniel Baron,2020-10-21 12:15:51,Carmella Hooper,2020-11-27 12:15:51
295,Donna Berry,2020-10-22 03:06:46,Angela Ford,2020-11-13 03:06:46
296,Rebecca Stuber,2020-10-22 09:59:22,Carmella Hooper,2020-11-27 09:59:22
297,Audrey Lockett,2020-10-23 11:09:53,Edward Davis,2020-11-12 11:09:53
298,Paris Harvey,2020-10-25 22:17:47,Carmella Hooper,2020-11-24 22:17:47
299,Leslie Fredrickson,2020-10-26 09:49:19,Carmella Hooper,2020-12-03 09:49:19
300,Mary Baker,2020-10-29 18:08:07,Carmella Hooper,2020-11-14 18:08:07
301,Malcolm Kincaid,2020-11-01 06:37:50,Angela Ford,2020-11-17 06:37:50
302,Michael Peters,2020-11-02 00:20:42,Edward Davis,2020-11-12 00:20:42
303,Elizabeth Johnson,2020-11-03 18:13:21,Angela Ford,2020-11-15 18:13:21
304,Linda Mason,2020-11-05 12:19:20,Edward Davis,2020-11-19 12:19:20
305,Sarah Runquist,2020-11-06 14:47:26,Carmella Hooper,2020-11-24 14:47:26
306,Cynthia Doe,2020-11-06 19:30:02,Edward Davis,2020-11-25 19:30:02
307,Sarah Haydu,2020-11-09 05:22:49,Angela Ford,2020-11-24 05:22:49
308,Rose Rodriguez,2020-11-14 00:21:12,Angela Ford,2020-11-27 00:21:12
309,Helen Zaldivar,2020-11-14 11:58:35,Carmella Hooper,2020-12-02 11:58:35
310,Joyce Alves,2020-11-15 12:12:58,Megan Surratt,2020-12-21 12:12:58
311,Charles Welch,2020-11-18 00:23:07,Megan Surratt,2020-12-22 00:23:07
312,Barry Mccoy,2020-11-19 22:53:54,Carmella Hooper,2020-12-05 22:53:54
313,Johnny Callam,2020-11-21 14:17:58,Megan Surratt,2020-12-01 14:17:58
314,Melanie Benedict,2020-11-22 07:37:24,Angela Ford,2020-12-14 07:37:24
315,Gloria Seager,2020-11-24 00:57:24,Angela Ford,2020-12-22 00:57:24
316,Kenneth Mcalary,2020-11-26 01:36:09,Angela Ford,2020-12-21 01:36:09
317,Mark Inks,2020-11-27 20:14:53,Angela Ford,2020-12-07 20:14:53
318,Margaret Forcello,2020-11-28 03:36:33,Edward Davis,2020-12-09 03:36:33
319,Michael Makela,2020-11-30 12:31:32,Carmella Hooper,2020-12-21 12:31:32
320,Leon Jordan,2020-12-09 10:34:53,Angela Ford,2020-12-20 10:34:53
321,Floyd Clark,2020-12-09 16:14:47,Edward Davis,2020-12-23 16:14:47
322,Doris Laubhan,2020-12-15 15:16:24,Angela Ford,2021-01-16 15:16:24
323,Joseph Luckey,2020-12-20 06:23:08,Edward Davis,2021-01-12 06:23:08
324,William Nelson,2020-12-21 01:07:48,Carmella Hooper,2021-01-15 01:07:48
325,Pearline Duran,2020-12-30 09:36:55,Megan Surratt,2021-01-26 09:36:55
326,Toya Hernandez,2021-01-01 21:24:20,Edward Davis,2021-02-06 21:24:20
327,Kelli Hafer,2021-01-02 15:18:03,Angela Ford,2021-01-18 15:18:03
328,Janet Drew,2021-01-02 17:52:19,Megan Surratt,2021-01-27 17:52:19
329,Chelsea Mccanna,2021-01-03 17:35:30,Megan Surratt,2021-01-20 17:35:30
330,Iola Holman,2021-01-09 14:17:31,Megan Surratt,2021-02-11 14:17:31
331,Margaret Schummer,2021-01-13 00:53:34,Angela Ford,2021-01-31 00:53:34
332,Jesse Buchana,2021-01-13 13:52:47,Megan Surratt,2021-02-21 13:52:47
333,Walter Adams,2021-01-14 04:33:06,Megan Surratt,2021-02-15 04:33:06
334,Rodney Willis,2021-01-14 14:08:38,Carmella Hooper,2021-02-12 14:08:38
335,Jessie Etheridge,2021-01-15 04:00:04,Carmella Hooper,2021-02-11 04:00:04
336,Ruth Kilpatrick,2021-01-16 11:14:38,Edward Davis,2021-02-04 11:14:38
337,Jeremy Ward,2021-01-18 21:26:36,Carmella Hooper,2021-02-02 21:26:36
338,Sandra Caywood,2021-01-18 21:48:07,Edward Davis,2021-01-28 21:48:07
339,Rosa Magee,2021-01-21 21:14:01,Edward Davis,2021-02-02 21:14:01
340,Joseph Tung,2021-01-28 01:00:40,Megan Surratt,2021-02-19 01:00:40
341,Martha Rich,2021-01-30 14:10:37,Megan Surratt,2021-02-15 14:10:37
342,Paula Hoogland,2021-01-31 00:41:39,Edward Davis,2021-03-11 00:41:39
343,Troy Knackstedt,2021-01-31 03:12:02,Carmella Hooper,2021-02-15 03:12:02
344,Bernita Thompson,2021-02-03 09:24:46,Megan Surratt,2021-03-09 09:24:46
345,Gregory Turnbow,2021-02-04 18:02:34,Angela Ford,2021-02-16 18:02:34
346,Elmer Hightower,2021-02-06 07:18:10,Edward Davis,2021-03-03 07:18:10
347,Ashley Whitehurst,2021-02-09 12:14:12,Angela Ford,2021-03-03 12:14:12
348,Otis Lopez,2021-02-10 03:41:18,Megan Surratt,2021-03-11 03:41:18
349,Raymond Burroughs,2021-02-11 03:03:47,Edward Davis,2021-03-01 03:03:47
350,Becky Stennett,2021-02-13 01:11:48,Angela Ford,2021-03-08 01:11:48
351,Jennifer Espitia,2021-02-13 20:22:16,Angela Ford,2021-03-11 20:22:16
352,Keith Radune,2021-02-14 15:52:47,Angela Ford,2021-03-15 15:52:47
353,Sonia Davis,2021-02-14 19:18:48,Carmella Hooper,2021-03-20 19:18:48
354,Cindy Rittenhouse,2021-02-17 10:28:01,Angela Ford,2021-03-10 10:28:01
355,Ernest Georges,2021-02-19 10:30:34,Carmella Hooper,2021-03-20 10:30:34
356,Laurence Taylor,2021-02-20 03:09:31,Carmella Hooper,2021-03-06 03:09:31
357,George Bryant,2021-02-21 04:49:49,Megan Surratt,2021-03-06 04:49:49
358,Tony Weingarten,2021-02-28 08:24:03,Angela Ford,2021-03-18 08:24:03
359,James Jernigan,2021-02-28 10:37:41,Megan Surratt,2021-03-17 10:37:41
360,James Dossantos,2021-02-28 20:14:45,Carmella Hooper,2021-03-28 20:14:45
361,Stacy Taylor,2021-03-01 09:07:57,Angela Ford,2021-03-16 09:07:57
362,Johnny Blakeney,2021-03-06 17:04:24,Carmella Hooper,2021-04-10 17:04:24
363,Kelly Hurt,2021-03-07 22:05:56,Megan Surratt,2021-04-03 22:05:56
364,Jennifer Curry,2021-03-08 18:50:41,Edward Davis,2021-03-29 18:50:41
365,Dale Mcarthur,2021-03-10 06:14:22,Megan Surratt,2021-04-04 06:14:22
366,Ronald Sefton,2021-03-10 12:26:51,Edward Davis,2021-03-23 12:26:51
367,Michael Whittaker,2021-03-10 21:10:31,Megan Surratt,2021-03-27 21:10:31
368,Jane Aguilar,2021-03-15 10:55:55,Edward Davis,2021-04-09 10:55:55
369,Herbert Quinter,2021-03-19 16:54:18,Angela Ford,2021-04-06 16:54:18
370,Nancy Torno,2021-03-24 00:29:44,Carmella Hooper,2021-04-26 00:29:44
371,Jody Messenger,2021-03-24 13:25:48,Megan Surratt,2021-04-20 13:25:48
372,Richard Leutwiler,2021-03-26 08:53:55,Edward Davis,2021-05-01 08:53:55
373,Adrian Landrum,2021-03-28 14:20:34,Megan Surratt,2021-04-11 14:20:34
374,Olga Randall,2021-03-28 20:14:52,Edward Davis,2021-05-03 20:14:52
375,Marion Christner,2021-03-29 02:53:34,Edward Davis,2021-05-04 02:53:34
376,Brian Devries,2021-03-29 12:20:47,Megan Surratt,2021-05-03 12:20:47
377,Anthony Schroeder,2021-03-29 17:29:16,Carmella Hooper,2021-04-23 17:29:16
378,Josephine Jennings,2021-03-31 09:31:49,Megan Surratt,2021-04-23 09:31:49
379,Pamela Schulte,2021-04-06 13:06:29,Carmella Hooper,2021-05-13 13:06:29
380,Thomas Gleason,2021-04-08 06:51:39,Edward Davis,2021-04-23 06:51:39
381,Jeffrey Nguyen,2021-04-10 01:58:55,Carmella Hooper,2021-05-05 01:58:55
382,Dorothy Livingston,2021-04-11 16:26:49,Megan Surratt,2021-05-16 16:26:49
383,Cheryl Grover,2021-04-14 20:02:32,Carmella Hooper,2021-04-26 20:02:32
384,Kandi Thompson,2021-04-18 03:16:32,Carmella Hooper,2021-05-25 03:16:32
385,Lois Dewick,2021-04-19 21:04:44,Carmella Hooper,2021-05-06 21:04:44
386,William Wright,2021-04-20 16:39:54,Megan Surratt,2021-05-18 16:39:54
387,Katie Morehouse,2021-04-21 09:57:05,Carmella Hooper,2021-05-12 09:57:05
388,Alan Moore,2021-04-23 15:56:31,Carmella Hooper,2021-05-30 15:56:31
389,Garry Taylor,2021-04-28 00:13:49,Angela Ford,2021-05-31 00:13:49
390,Kevin Tucker,2021-04-28 02:02:00,Megan Surratt,2021-05-27 02:02:00
391,Reed Walker,2021-04-29 23:59:19,Megan Surratt,2021-06-04 23:59:19
392,Walter Oconnell,2021-04-30 04:43:35,Edward Davis,2021-05-11 04:43:35
393,Darryl Brion,2021-05-05 06:31:22,Edward Davis,2021-05-26 06:31:22
394,William Bonilla,2021-05-07 05:19:10,Angela Ford,2021-05-22 05:19:10
395,Patricia Stivers,2021-05-15 10:53:28,Carmella Hooper,2021-05-31 10:53:28
396,Carrie Cheatham,2021-05-17 12:50:00,Carmella Hooper,2021-05-29 12:50:00
397,Richard Lewis,2021-05-17 14:46:06,Angela Ford,2021-05-29 14:46:06
398,Ann Devine,2021-05-17 18:35:26,Edward Davis,2021-06-03 18:35:26
399,Todd Johnson,2021-05-22 07:09:30,Angela Ford,2021-06-13 07:09:30
400,Sonia Lamphier,2021-05-23 22:23:45,Megan Surratt,2021-06-19 22:23:45
401,Kelly Sampson,2021-05-26 11:43:26,Megan Surratt,2021-06-06 11:43:26
402,Renee Stewart,2021-05-28 09:29:25,Edward Davis,2021-06-22 09:29:25
403,Esther Hewlett,2021-05-29 02:05:21,Angela Ford,2021-06-08 02:05:21
404,Ernest Hawkins,2021-05-30 08:48:31,Angela Ford,2021-07-02 08:48:31
405,Harvey Kimbrough,2021-06-05 09:09:36,Megan Surratt,2021-07-07 09:09:36
406,James Ryan,2021-06-07 00:44:54,Carmella Hooper,2021-07-13 00:44:54
407,James Dunn,2021-06-07 17:08:54,Carmella Hooper,2021-06-22 17:08:54
408,Connie Gomez,2021-06-08 00:15:36,Edward Davis,2021-06-24 00:15:36
409,Cynthia Yates,2021-06-10 17:21:08,Angela Ford,2021-07-16 17:21:08
410,Bonnie Walquist,2021-06-11 01:44:42,Angela Ford,2021-06-23 01:44:42
411,Leticia Dueber,2021-06-11 15:16:10,Megan Surratt,2021-07-16 15:16:10
412,Augustine Anderson,2021-06-12 00:40:41,Edward Davis,2021-06-26 00:40:41
413,Georgia Oliver,2021-06-14 12:13:22,Megan Surratt,2021-06-24 12:13:22
414,Sue Gonzalez,2021-06-16 03:21:08,Megan Surratt,2021-07-24 03:21:08
415,Natalie Carr,2021-06-18 18:09:54,Edward Davis,2021-07-12 18:09:54
416,Betty Pollina,2021-06-21 09:34:41,Edward Davis,2021-07-26 09:34:41
417,Ruth Call,2021-06-24 00:32:09,Angela Ford,2021-07-04 00:32:09
418,Josephine Robinson,2021-06-27 17:35:35,Edward Davis,2021-07-23 17:35:35
419,Vella Sauve,2021-06-27 21:23:10,Angela Ford,2021-08-04 21:23:10
420,Cynthia Johnson,2021-06-29 05:50:24,Angela Ford,2021-07-12 05:50:24
421,Kristi Carpenter,2021-06-29 15:16:04,Edward Davis,2021-07-11 15:16:04
422,Yvonne Westmark,2021-06-30 21:52:47,Carmella Hooper,2021-07-12 21:52:47
423,David Walz,2021-07-01 10:28:31,Edward Davis,2021-07-30 10:28:31
424,Robert Bach,2021-07-02 08:18:47,Angela Ford,2021-07-31 08:18:47
425,Stormy Baadsgaard,2021-07-02 09:06:38,Angela Ford,2021-08-09 09:06:38
426,Mary Stanford,2021-07-02 23:43:45,Megan Surratt,2021-07-20 23:43:45
427,Krystal Gross,2021-07-06 19:09:05,Angela Ford,2021-07-20 19:09:05
428,Michelle Simmons,2021-07-07 14:57:07,Angela Ford,2021-08-11 14:57:07
429,Elizabeth Meehleder,2021-07-13 01:32:04,Megan Surratt,2021-08-06 01:32:04
430,Teresa Follett,2021-07-16 01:18:44,Carmella Hooper,2021-07-30 01:18:44
431,Jesus Lew,2021-07-16 11:20:09,Angela Ford,2021-08-10 11:20:09
432,Salvador Martinez,2021-07-18 10:33:46,Carmella Hooper,2021-08-05 10:33:46
433,Felix Yancy,2021-07-19 05:14:00,Carmella Hooper,2021-08-20 05:14:00
434,Margarita Blanton,2021-07-19 19:35:53,Angela Ford,2021-08-08 19:35:53
435,Aaron Gallion,2021-07-20 17:39:22,Megan Surratt,2021-08-10 17:39:22
436,William Hambrick,2021-07-20 18:25:22,Angela Ford,2021-08-16 18:25:22
437,Kathleen Scheller,2021-07-21 08:27:56,Megan Surratt,2021-08-23 08:27:56
438,Anthony Martinez,2021-07-24 19:53:47,Angela Ford,2021-08-06 19:53:47
439,Shawn Gaul,2021-07-27 23:49:11,Edward Davis,2021-08-31 23:49:11
440,Edward Harrington,2021-07-28 02:49:18,Carmella Hooper,2021-08-26 02:49:18
441,Michael Ward,2021-07-29 02:36:14,Megan Surratt,2021-08-27 02:36:14
442,Joy Ford,2021-07-29 15:03:33,Megan Surratt,2021-09-04 15:03:33
443,Cecilia Snyder,2021-08-13 04:27:11,Carmella Hooper,2021-09-08 04:27:11
444,William Ramirez,2021-08-15 02:27:06,Edward Davis,2021-08-29 02:27:06
445,Judy Patterson,2021-08-16 21:27:22,Angela Ford,2021-09-12 21:27:22
446,Edward Huntley,2021-08-17 22:35:47,Angela Ford,2021-09-22 22:35:47
447,Joseph Rios,2021-08-18 23:16:44,Angela Ford,2021-09-24 23:16:44
448,Danny Ketchie,2021-08-19 14:53:13,Carmella Hooper,2021-08-30 14:53:13
449,Mavis Lee,2021-08-22 15:44:12,Angela Ford,2021-09-15 15:44:12
450,Albert Cunningham,2021-08-24 11:35:27,Carmella Hooper,2021-09-23 11:35:27
451,Mattie Buller,2021-08-26 08:23:07,Angela Ford,2021-10-03 08:23:07
452,Shirlene Mages,2021-08-29 00:24:21,Carmella Hooper,2021-09-18 00:24:21
453,Fritz Minnick,2021-09-01 03:02:44,Carmella Hooper,2021-09-27 03:02:44
454,Martin Ashburn,2021-09-02 16:32:47,Megan Surratt,2021-10-05 16:32:47
455,David Uselman,2021-09-03 07:29:55,Megan Surratt,2021-09-15 07:29:55
456,Frances Mcauley,2021-09-06 14:53:13,Carmella Hooper,2021-10-14 14:53:13
457,Eric Phuong,2021-09-06 15:35:36,Carmella Hooper,2021-10-05 15:35:36
458,Rochelle Wade,2021-09-07 13:10:19,Edward Davis,2021-10-16 13:10:19
459,Brenda Smith,2021-09-09 10:09:43,Angela Ford,2021-09-20 10:09:43
460,Belkis Hartman,2021-09-11 23:28:05,Carmella Hooper,2021-10-16 23:28:05
461,Jesus Foster,2021-09-11 23:53:19,Angela Ford,2021-10-04 23:53:19
462,John Shepherd,2021-09-13 11:47:56,Megan Surratt,2021-10-07 11:47:56
463,Anthony Zeigler,2021-09-13 20:37:31,Carmella Hooper,2021-10-12 20:37:31
464,Terence Knaub,2021-09-13 23:42:50,Angela Ford,2021-10-05 23:42:50
465,Howard Morrison,2021-09-17 11:46:34,Angela Ford,2021-10-22 11:46:34
466,Stanley Bombard,2021-09-19 00:18:26,Megan Surratt,2021-10-16 00:18:26
467,Dorothy Sutton,2021-09-21 00:00:50,Megan Surratt,2021-10-11 00:00:50
468,Jenny Dahl,2021-09-24 09:23:54,Edward Davis,2021-10-17 09:23:54
469,Rogelio Widener,2021-09-26 09:27:15,Angela Ford,2021-10-06 09:27:15
470,Joseph Russell,2021-09-29 08:10:29,Angela Ford,2021-10-17 08:10:29
471,Patrick Burney,2021-10-02 00:04:07,Carmella Hooper,2021-10-15 00:04:07
472,Leona Mcfadden,2021-10-03 18:36:42,Edward Davis,2021-10-20 18:36:42
473,Elizabeth Hawes,2021-10-03 18:56:10,Edward Davis,2021-10-14 18:56:10
474,Richard Dammen,2021-10-09 02:31:11,Angela Ford,2021-10-28 02:31:11
475,James Stephens,2021-10-11 08:59:15,Megan Surratt,2021-11-04 08:59:15
476,Christine Mcmanus,2021-10-15 12:36:50,Edward Davis,2021-11-12 12:36:50
477,Ellen Martinez,2021-10-16 13:07:08,Carmella Hooper,2021-11-23 13:07:08
478,Karen Dews,2021-10-16 18:27:27,Megan Surratt,2021-10-28 18:27:27
479,Johnathan Brewster,2021-10-17 14:10:46,Edward Davis,2021-11-25 14:10:46
480,Walter Carder,2021-10-21 01:42:31,Megan Surratt,2021-11-24 01:42:31
481,Rasheeda Campbell,2021-10-23 00:34:55,Edward Davis,2021-11-23 00:34:55
482,Zachary Mcelroy,2021-10-26 19:27:24,Angela Ford,2021-11-19 19:27:24
483,Mary Santana,2021-10-26 20:21:56,Angela Ford,2021-11-19 20:21:56
484,Alfred Colon,2021-10-27 11:02:49,Edward Davis,2021-11-22 11:02:49
485,Boris Scott,2021-10-29 19:46:47,Edward Davis,2021-11-14 19:46:47
486,Ben Nickel,2021-10-31 21:20:51,Angela Ford,2021-11-19 21:20:51
487,Gladys Wiggins,2021-11-02 09:28:29,Carmella Hooper,2021-12-01 09:28:29
488,Deborah Smith,2021-11-03 21:40:18,Megan Surratt,2021-11-23 21:40:18
489,Amber Haylett,2021-11-09 23:55:32,Angela Ford,2021-12-18 23:55:32
490,Barbara Herrmann,2021-11-12 18:26:35,Megan Surratt,2021-12-18 18:26:35
491,Lori Hall,2021-11-14 22:02:42,Angela Ford,2021-12-09 22:02:42
492,James Clark,2021-11-16 06:29:03,Megan Surratt,2021-12-23 06:29:03
493,Sherryl Presley,2021-11-18 12:12:10,Edward Davis,2021-11-29 12:12:10
494,Myrtle Henson,2021-11-18 15:57:08,Edward Davis,2021-12-08 15:57:08
495,Jan Cook,2021-11-22 01:13:02,Edward Davis,2021-12-30 01:13:02
496,Anne Smith,2021-11-26 16:54:42,Megan Surratt,2021-12-23 16:54:42
497,Tarah Massey,2021-12-06 22:43:13,Carmella Hooper,2022-01-12 22:43:13
498,Robert Calderon,2021-12-07 08:05:34,Megan Surratt,2022-01-14 08:05:34
499,Alan Holloway,2021-12-11 06:00:08,Angela Ford,2022-01-18 06:00:08
500,Jessica Ware,2021-12-16 20:15:38,Carmella Hooper,2022-01-09 20:15:38
501,Elizabeth Seeger,2021-12-19 17:44:17,Angela Ford,2022-01-25 17:44:17
502,Cheryl Lorraine,2021-12-20 00:43:21,Angela Ford,2022-01-12 00:43:21
503,Mildred Mirabal,2021-12-23 15:02:09,Carmella Hooper,2022-01-20 15:02:09
504,Ronald Vincent,2021-12-27 06:43:25,Carmella Hooper,2022-01-07 06:43:25
505,James Vaughn,2021-12-29 14:28:42,Megan Surratt,2022-01-14 14:28:42
506,Haley Grabner,2022-01-04 12:29:49,Angela Ford,2022-01-29 12:29:49
507,Kathy James,2022-01-06 23:15:03,Carmella Hooper,2022-02-07 23:15:03
508,Jerry Mccormick,2022-01-09 12:35:00,Angela Ford,2022-02-03 12:35:00
509,Kimberly Panzarella,2022-01-10 15:42:53,Edward Davis,2022-01-24 15:42:53
510,Paula Childs,2022-01-10 16:03:03,Megan Surratt,2022-01-20 16:03:03
511,Tracey Clark,2022-01-11 16:50:11,Angela Ford,2022-01-24 16:50:11
512,Laverne Block,2022-01-13 19:06:17,Edward Davis,2022-01-23 19:06:17
513,Mary Jandres,2022-01-17 01:38:22,Carmella Hooper,2022-02-04 01:38:22
514,Viola Evans,2022-01-19 03:12:46,Megan Surratt,2022-02-23 03:12:46
515,Jennifer Mcclain,2022-01-19 09:32:47,Angela Ford,2022-02-03 09:32:47
516,Helen Borkowski,2022-01-19 23:04:14,Edward Davis,2022-02-08 23:04:14
517,Rodolfo Kim,2022-01-20 09:42:19,Carmella Hooper,2022-02-27 09:42:19
518,Tonda Morgan,2022-01-20 12:34:03,Angela Ford,2022-02-26 12:34:03
519,Brian Davis,2022-01-23 13:00:09,Angela Ford,2022-02-22 13:00:09
520,Addie Garza,2022-01-26 22:01:19,Carmella Hooper,2022-02-24 22:01:19
521,Amanda Courtney,2022-01-28 06:34:15,Angela Ford,2022-02-26 06:34:15
522,Dianna Rosenberg,2022-01-29 13:44:26,Megan Surratt,2022-02-11 13:44:26
523,Sam Beasley,2022-01-30 14:23:14,Megan Surratt,2022-02-11 14:23:14
524,Carolyn Phelan,2022-02-02 18:59:58,Angela Ford,2022-03-04 18:59:58
525,Timothy Ward,2022-02-04 15:24:20,Carmella Hooper,2022-03-13 15:24:20
526,Charles Meidinger,2022-02-07 17:41:10,Megan Surratt,2022-03-14 17:41:10
527,Phillip Robison,2022-02-08 21:38:40,Angela Ford,2022-02-20 21:38:40
528,Danielle Chiodi,2022-02-10 09:45:26,Megan Surratt,2022-03-12 09:45:26
529,Ryan Dobey,2022-02-12 03:06:34,Edward Davis,2022-02-25 03:06:34
530,Gerald Taylor,2022-02-15 21:04:58,Edward Davis,2022-03-17 21:04:58
531,Christopher Manning,2022-02-15 22:59:48,Edward Davis,2022-02-25 22:59:48
532,Kathryn Kennedy,2022-02-16 21:59:35,Angela Ford,2022-02-27 21:59:35
533,Emma Keane,2022-02-23 02:59:28,Megan Surratt,2022-03-25 02:59:28
534,Larry Sachez,2022-03-01 19:29:17,Edward Davis,
535,Dorothy Russell,2022-03-01 22:34:20,Carmella Hooper,
536,Jamie Conners,2022-03-07 22:02:23,Edward Davis,
537,Andrea Noland,2022-03-09 05:01:26,Edward Davis,
538,Juan Braswell,2022-03-09 18:54:21,Megan Surratt,
539,Maria Oakley,2022-03-10 14:52:26,Edward Davis,
540,Roger Burleson,2022-03-11 05:51:00,Megan Surratt,
541,Ofelia Tyson,2022-03-11 13:15:48,Angela Ford,
542,Curtis Wiggins,2022-03-12 11:50:00,Carmella Hooper,
543,Mildred Vasquez,2022-03-14 18:30:49,Angela Ford,
544,Joy Williams,2022-03-15 10:07:39,Carmella Hooper,
545,Mark Smith,2022-03-16 13:21:43,Angela Ford,
546,Sarah Moore,2022-03-20 17:25:32,Angela Ford,
547,Ramon Sullivan,2022-03-20 19:25:36,Carmella Hooper,
548,Thomas Littell,2022-03-23 01:56:28,Megan Surratt,
549,Linda Green,2022-03-23 16:27:42,Edward Davis,
550,Randall Nakamura,2022-03-24 00:55:29,Angela Ford,
551,Lazaro Mcconnell,2022-03-28 04:39:35,Angela Ford,
552,Marcus Smith,2022-03-29 20:03:27,Edward Davis,
553,James Ruka,2022-04-01 22:16:41,Edward Davis,
554,Linda Kaminski,2022-04-03 19:31:19,Megan Surratt,
555,James Marion,2022-04-04 10:39:48,Angela Ford,
556,Isaac Smith,2022-04-04 18:20:05,Edward Davis,
557,Ruth Pittman,2022-04-05 12:34:59,Megan Surratt,
558,Christiana Lean,2022-04-05 14:26:45,Megan Surratt,
559,Patricia Brock,2022-04-08 18:47:55,Edward Davis,
560,Catherine Radtke,2022-04-11 03:44:58,Angela Ford,
561,Stanley Fish,2022-04-11 10:35:42,Angela Ford,
562,Douglas Rosales,2022-04-13 03:31:30,Edward Davis,
563,Thomas Andres,2022-04-13 23:29:43,Megan Surratt,
564,Lawrence Glassman,2022-04-17 00:06:21,Carmella Hooper,
565,Dennis Ramsey,2022-04-21 17:45:09,Megan Surratt,
566,Dorothy Garcia,2022-04-28 15:31:35,Megan Surratt,
567,Richard Rancourt,2022-05-04 11:37:12,Carmella Hooper,
568,Rosa Evans,2022-05-05 00:13:15,Edward Davis,
569,Andrea Allen,2022-05-05 13:11:47,Carmella Hooper,
570,Carol Eldridge,2022-05-07 08:29:21,Edward Davis,
571,Tanisha Geib,2022-05-07 12:18:02,Carmella Hooper,
572,Johnathan Loy,2022-05-08 12:43:41,Carmella Hooper,
573,Karen Murray,2022-05-15 20:52:20,Megan Surratt,
574,Stephen Floyd,2022-05-15 21:50:30,Megan Surratt,
575,Avis Aucoin,2022-05-19 21:24:38,Carmella Hooper,
576,Donald Randall,2022-05-30 07:37:38,Edward Davis,
577,Celeste Cathey,2022-05-30 22:49:54,Edward Davis,
578,Anthony Griffin,2022-06-02 16:25:45,Carmella Hooper,
579,Harriett Daniel,2022-06-03 01:53:11,Edward Davis,
580,Betty Brown,2022-06-12 13:32:45,Edward Davis,
